Timestamp,Which location are you at today?,"Overall, how satisfied are you with your visit?",How would you rate the food quality?,How would you rate the service?,How would you rate the atmosphere?,What did you order today?,How often do you visit Beggars?,Have you tried any of our newer items?,What's your age range?,Anything you'd like Beggars Pizza to improve?
9/21/2026 20:41:07,Lansing,5,5,5,5,Sausage pizza,Regularly,"Calzones, Caramelized Deep Dish, Gourmet Popcorn",18-24,
9/26/2026 18:38:07,Lansing,4,4,5,4,Thin crust family pizza - turkey sausage and pepperoni,First Time,Haven't tried any,45-54,Better online information about pizza sizes (inches). 
9/26/2026 19:13:34,Lansing,5,5,5,5,2 pizzas and 2 appetizers,Regularly,Caramelized Deep Dish,35-44,Their price - I think they're too expensive but everything is too expensive these days. 
9/26/2026 19:13:44,Lansing,5,4,4,5,Small Turkey Sausage Pizza,Regularly,Haven't tried any,45-54,Seasoning 
9/26/2026 20:21:50,Lansing,5,5,5,5,Large pizza. Half pepperoni half sausage and spinach,Regularly,Gourmet Popcorn,35-44,
9/26/2026 22:57:24,Lansing,5,5,5,5,Medium pepperoni pizza,Occasionally,Calzones,35-44,
9/27/2026 3:56:47,Lansing,4,4,4,4,Family size pizza sausage 1/2 pepperoni ,Regularly,"Haven't tried any, Haven't heard of them",55+,Free delivery please 
9/27/2026 18:07:23,Lansing,5,5,5,5,family sausage ,Regularly,"Calzones, Gourmet Popcorn",25-34,pricing
9/27/2026 18:24:30,Lansing,1,1,1,1,nothing ,Regularly,Haven't heard of them,55+,Fire justin 
9/27/2026 19:44:57,Lansing,5,5,5,5,"A thin crust, hamburger, pizza, and a small cheese cauliflower pizza",Occasionally,Haven't tried any,35-44,"No, this location is always great. Great food great service. Love this location."
9/28/2026 4:33:16,Lansing,5,5,5,4,One medium and one large pizza for pickup,Occasionally,Haven't tried any,55+,
9/30/2026 19:08:12,Lansing,5,4,5,5,Boneless Wings ,Regularly,Haven't heard of them,18-24,Everything is good 
10/2/2026 17:51:27,West Loop,5,5,5,5,Italian Chef Salad and Greek Salad with Grilled Chicken ,Regularly,Haven't tried any,35-44,Nothing
10/4/2026 11:26:59,Lansing,5,5,5,5,"Family size pizza, boneless wings, free small pizza",Regularly,Haven't tried any,45-54,
10/5/2026 12:32:50,,5,4,5,5,2 slices ,First Time,Haven't tried any,35-44,
10/6/2026 20:30:29,West Loop,4,5,5,5,Slice of Spinach Deepdish,First Time,Haven't heard of them,25-34,